1410347,-4.834,7.626,0.709,-0.034,0.068,-0.001,1661,0,0

1410367,-4.906,7.678,0.905,-0.061,0.119,-0.015,1661,0,0

1410387,-4.932,7.683,1.156,-0.078,0.157,-0.021,1662,0,0

1410407,-4.958,7.649,1.429,-0.062,0.170,-0.026,1662,0,0

1410427,-4.990,7.657,1.678,-0.072,0.148,-0.043,1661,0,0

1410447,-5.059,7.719,1.772,-0.065,0.110,-0.060,1661,0,0

1410467,-5.203,7.939,1.834,-0.027,0.060,-0.059,1660,0,0

1410487,-5.239,8.124,1.786,-0.045,-0.006,-0.032,1660,0,0

1410507,-5.174,8.176,1.630,-0.068,-0.053,0.007,1660,0,0

1410527,-5.025,7.977,1.444,-0.064,-0.079,0.028,1659,0,0

1410547,-4.891,7.865,1.166,-0.049,-0.093,0.035,1659,0,0

1410567,-4.887,7.853,0.939,-0.037,-0.097,0.039,1658,0,0

1410587,-4.879,7.709,0.773,-0.076,-0.076,0.037,1658,0,0

1410607,-4.822,7.580,0.769,-0.079,-0.040,0.025,1657,0,0

1410627,-4.769,7.475,0.821,-0.059,0.010,0.006,1656,0,0

1410647,-4.757,7.446,0.836,-0.048,0.057,-0.018,1655,0,0

1410667,-4.836,7.532,0.924,-0.048,0.078,-0.043,1655,0,0

1410687,-4.958,7.714,1.097,-0.070,0.101,-0.061,1656,0,0

1410707,-4.992,7.817,1.355,-0.074,0.116,-0.060,1655,0,0

1410727,-5.040,7.889,1.551,-0.071,0.098,-0.056,1655,0,0

1410747,-5.016,8.061,1.520,-0.023,0.037,-0.040,1656,0,0

1410767,-5.045,8.056,1.360,-0.070,-0.007,-0.015,1655,0,0

1410787,-4.999,7.927,1.267,-0.083,-0.011,-0.007,1654,0,0

1410807,-4.992,7.779,1.161,-0.044,0.010,0.011,1654,0,0

1410827,-5.018,7.671,1.099,-0.045,0.029,0.002,1655,0,0

1410847,-5.035,7.635,1.130,-0.075,0.035,-0.022,1655,0,0

1410867,-4.975,7.638,1.238,-0.064,0.044,-0.031,1656,0,0

1410887,-4.999,7.661,1.317,-0.052,0.047,-0.045,1654,0,0

1410907,-5.004,7.796,1.310,-0.067,0.030,-0.056,1654,0,0

1410927,-4.978,7.927,1.231,-0.079,0.007,-0.050,1655,0,0

1410947,-4.990,8.004,1.240,-0.075,-0.006,-0.040,1653,0,0

1410967,-5.025,8.033,1.132,-0.058,0.003,-0.023,1655,0,0

1410987,-5.016,7.994,1.082,-0.059,0.002,-0.008,1655,0,0

1411007,-5.025,7.855,1.063,-0.066,-0.007,0.006,1655,0,0

1411027,-5.018,7.736,0.905,-0.065,-0.014,0.013,1655,0,0

1411047,-4.963,7.573,0.898,-0.065,0.026,0.013,1654,0,0

1411067,-4.930,7.448,0.998,-0.068,0.081,-0.007,1654,0,0

1411087,-4.939,7.513,1.154,-0.048,0.105,-0.037,1654,0,0

1411107,-5.061,7.752,1.302,-0.062,0.094,-0.059,1654,0,0

1411127,-5.171,7.865,1.463,-0.100,0.077,-0.064,1654,0,0

1411147,-5.176,7.980,1.587,-0.087,0.059,-0.053,1654,0,0

1411167,-5.150,8.040,1.628,-0.051,0.036,-0.033,1654,0,0

1411187,-5.112,8.104,1.566,-0.050,-0.014,-0.017,1654,0,0

1411207,-5.095,8.064,1.343,-0.077,-0.069,0.001,1654,0,0

1411227,-5.071,7.901,1.109,-0.079,-0.091,0.017,1654,0,0

1411247,-5.001,7.726,0.943,-0.064,-0.070,0.029,1653,0,0

1411267,-4.913,7.539,0.776,-0.059,-0.034,0.029,1653,0,0

1411287,-4.831,7.377,0.728,-0.071,0.012,0.015,1654,0,0

1411307,-4.827,7.276,0.860,-0.080,0.074,-0.021,1653,0,0

1411327,-4.946,7.386,1.142,-0.063,0.120,-0.062,1654,0,0

1411347,-5.152,7.676,1.377,-0.054,0.115,-0.085,1653,0,0

1411367,-5.210,7.970,1.448,-0.090,0.067,-0.079,1654,0,0

1411387,-5.148,8.080,1.494,-0.099,0.034,-0.055,1654,0,0

1411407,-5.183,8.085,1.535,-0.083,0.032,-0.035,1653,0,0

1411427,-5.227,8.114,1.518,-0.053,0.005,-0.019,1653,0,0

1411447,-5.191,8.112,1.274,-0.050,-0.059,0.010,1654,0,0

1411467,-5.035,7.968,1.022,-0.082,-0.093,0.036,1654,0,0

1411487,-4.908,7.611,0.826,-0.106,-0.058,0.056,1653,0,0

1411507,-4.858,7.302,0.804,-0.058,0.007,0.038,1654,0,0

1411527,-4.908,7.269,0.903,-0.038,0.064,-0.000,1654,0,0

1411547,-5.030,7.369,1.087,-0.071,0.090,-0.038,1654,0,0

1411567,-5.157,7.599,1.274,-0.048,0.089,-0.057,1654,0,0

1411587,-5.205,7.755,1.432,-0.062,0.082,-0.064,1655,0,0

1411607,-5.200,7.920,1.616,-0.081,0.058,-0.061,1653,0,0

1411627,-5.186,8.006,1.621,-0.072,0.021,-0.042,1653,0,0

1411647,-5.181,8.078,1.439,-0.057,-0.051,-0.023,1653,0,0

1411667,-5.157,8.145,1.051,-0.058,-0.098,0.001,1653,0,0

1411687,-5.085,7.939,0.864,-0.086,-0.074,0.043,1652,0,0

1411707,-4.997,7.573,0.821,-0.056,-0.017,0.058,1652,0,0

1411727,-4.915,7.408,0.840,-0.033,0.020,0.040,1652,0,0

1411747,-4.894,7.369,0.871,-0.072,0.047,0.004,1652,0,0

1411767,-4.906,7.365,1.077,-0.087,0.086,-0.028,1652,0,0

1411787,-5.028,7.456,1.310,-0.072,0.115,-0.054,1652,0,0

1411807,-5.143,7.760,1.489,-0.064,0.104,-0.067,1653,0,0

1411827,-5.198,8.054,1.544,-0.060,0.068,-0.065,1653,0,0

1411847,-5.243,8.186,1.568,-0.088,0.027,-0.040,1653,0,0

1411867,-5.250,8.135,1.573,-0.066,-0.026,-0.007,1653,0,0

1411887,-5.171,8.061,1.259,-0.034,-0.082,0.024,1652,0,0

1411907,-5.035,7.875,0.948,-0.066,-0.096,0.051,1652,0,0

1411927,-4.891,7.503,0.754,-0.081,-0.058,0.058,1652,0,0

1411947,-4.872,7.290,0.718,-0.053,0.010,0.031,1652,0,0

1411967,-4.901,7.259,0.855,-0.050,0.078,-0.013,1653,0,0

1411987,-4.987,7.379,1.092,-0.061,0.112,-0.043,1652,0,0

1412007,-5.066,7.578,1.305,-0.066,0.114,-0.064,1653,0,0

1412027,-5.234,7.786,1.511,-0.086,0.093,-0.081,1653,0,0

1412047,-5.313,8.049,1.705,-0.084,0.062,-0.068,1652,0,0

1412067,-5.349,8.200,1.709,-0.047,0.001,-0.035,1653,0,0

1412087,-5.277,8.212,1.425,-0.046,-0.077,0.006,1653,0,0

1412107,-5.090,8.013,1.039,-0.068,-0.113,0.036,1653,0,0

1412127,-4.975,7.669,0.888,-0.070,-0.086,0.050,1652,0,0

1412147,-4.949,7.417,0.725,-0.049,-0.032,0.044,1652,0,0

1412167,-4.913,7.305,0.754,-0.054,0.015,0.015,1652,0,0

1412187,-4.920,7.302,0.912,-0.067,0.063,-0.017,1652,0,0

1412207,-5.035,7.396,1.104,-0.056,0.103,-0.044,1652,0,0

1412227,-5.162,7.647,1.408,-0.049,0.116,-0.061,1653,0,0

1412247,-5.270,7.884,1.607,-0.072,0.081,-0.071,1652,0,0

1412267,-5.356,8.124,1.674,-0.066,0.013,-0.056,1652,0,0

1412287,-5.341,8.147,1.525,-0.054,-0.051,-0.019,1652,0,0

1412307,-5.167,8.109,1.166,-0.057,-0.091,0.016,1652,0,0

1412327,-4.987,7.887,0.867,-0.075,-0.091,0.040,1651,0,0

1412347,-4.925,7.654,0.661,-0.084,-0.051,0.048,1651,0,0

1412367,-4.896,7.422,0.649,-0.083,0.024,0.035,1652,0,0

1412387,-4.939,7.367,0.876,-0.073,0.108,0.004,1651,0,0

1412407,-5.083,7.470,1.286,-0.072,0.154,-0.025,1652,0,0

1412427,-5.246,7.714,1.664,-0.077,0.135,-0.046,1652,0,0

1412447,-5.363,7.963,1.834,-0.080,0.060,-0.038,1652,0,0

1412467,-5.399,8.071,1.724,-0.080,-0.042,-0.014,1653,0,0

1412487,-5.258,8.073,1.353,-0.067,-0.106,0.024,1651,0,0

1412507,-5.076,7.831,1.032,-0.079,-0.104,0.055,1652,0,0

1412527,-4.956,7.594,0.804,-0.058,-0.071,0.060,1651,0,0

1412547,-4.855,7.415,0.670,-0.047,-0.025,0.050,1652,0,0

1412567,-4.860,7.259,0.843,-0.069,0.045,0.025,1652,0,0

1412587,-4.920,7.204,1.130,-0.055,0.090,-0.020,1653,0,0

1412607,-5.083,7.477,1.341,-0.029,0.095,-0.051,1652,0,0

1412627,-5.181,7.803,1.508,-0.059,0.071,-0.062,1652,0,0

1412647,-5.262,8.030,1.662,-0.076,0.043,-0.054,1652,0,0

1412667,-5.286,8.203,1.659,-0.037,0.001,-0.030,1653,0,0

1412687,-5.246,8.294,1.506,-0.026,-0.064,0.013,1652,0,0

1412707,-5.097,8.193,1.140,-0.061,-0.102,0.051,1652,0,0

1412727,-4.963,7.949,0.860,-0.077,-0.094,0.068,1652,0,0

1412747,-4.918,7.673,0.692,-0.060,-0.041,0.077,1651,0,0

1412767,-4.911,7.420,0.759,-0.080,0.021,0.063,1651,0,0

1412787,-4.958,7.281,0.955,-0.068,0.063,0.031,1651,0,0

1412807,-4.999,7.424,1.058,-0.068,0.076,-0.001,1652,0,0

1412827,-5.047,7.479,1.329,-0.116,0.097,-0.019,1652,0,0

1412847,-5.143,7.525,1.664,-0.090,0.099,-0.042,1653,0,0

1412867,-5.212,7.784,1.724,-0.025,0.038,-0.039,1651,0,0

1412887,-5.167,8.037,1.405,-0.033,-0.071,-0.018,1652,0,0

1412907,-4.975,7.946,0.989,-0.096,-0.118,0.011,1651,0,0

1412927,-4.843,7.587,0.745,-0.091,-0.066,0.027,1652,0,0

1412947,-4.836,7.355,0.711,-0.014,0.013,0.014,1651,0,0

1412967,-4.920,7.415,0.716,-0.006,0.070,-0.015,1651,0,0

1412987,-5.021,7.489,0.958,-0.052,0.110,-0.043,1651,0,0

1413007,-5.080,7.616,1.233,-0.058,0.129,-0.062,1651,0,0

1413027,-5.097,7.805,1.563,-0.068,0.124,-0.076,1652,0,0

1413047,-5.150,8.004,1.791,-0.083,0.098,-0.071,1652,0,0

1413067,-5.303,8.179,1.848,-0.050,0.037,-0.056,1652,0,0

1413087,-5.387,8.308,1.635,-0.030,-0.051,-0.019,1652,0,0

1413107,-5.236,8.188,1.255,-0.066,-0.113,0.031,1652,0,0

1413127,-4.999,7.836,0.852,-0.069,-0.117,0.058,1651,0,0

1413147,-4.882,7.501,0.591,-0.072,-0.064,0.062,1651,0,0

1413167,-4.798,7.195,0.596,-0.069,0.019,0.038,1651,0,0

1413187,-4.855,7.118,0.800,-0.046,0.090,-0.012,1652,0,0

1413207,-4.911,7.329,1.039,-0.054,0.136,-0.055,1652,0,0

1413227,-4.990,7.542,1.434,-0.092,0.150,-0.086,1652,0,0

1413247,-5.150,7.748,1.755,-0.065,0.121,-0.099,1652,0,0

1413267,-5.380,8.181,1.721,-0.006,0.041,-0.090,1653,0,0

1413287,-5.488,8.480,1.425,-0.026,-0.050,-0.035,1652,0,0

1413307,-5.368,8.210,1.097,-0.075,-0.089,0.029,1652,0,0

1413327,-5.073,7.841,0.812,-0.059,-0.069,0.055,1651,0,0

1413347,-4.911,7.570,0.654,-0.056,-0.021,0.048,1652,0,0

1413367,-4.870,7.367,0.778,-0.087,0.052,0.025,1653,0,0

1413387,-4.911,7.242,1.075,-0.087,0.115,-0.010,1651,0,0

1413407,-5.045,7.422,1.472,-0.056,0.138,-0.048,1653,0,0

1413427,-5.241,7.740,1.695,-0.063,0.088,-0.067,1652,0,0

1413447,-5.394,8.004,1.674,-0.068,-0.014,-0.059,1654,0,0

1413467,-5.351,8.126,1.413,-0.055,-0.091,-0.022,1653,0,0

1413487,-5.162,8.028,0.970,-0.064,-0.114,0.014,1653,0,0

1413507,-4.925,7.810,0.661,-0.073,-0.088,0.036,1652,0,0

1413527,-4.779,7.592,0.520,-0.070,-0.021,0.033,1652,0,0

1413547,-4.851,7.410,0.661,-0.062,0.065,0.011,1652,0,0

1413567,-4.946,7.343,0.986,-0.059,0.128,-0.022,1653,0,0

1413587,-5.097,7.494,1.259,-0.061,0.132,-0.051,1652,0,0

1413607,-5.181,7.736,1.463,-0.090,0.104,-0.060,1653,0,0

1413627,-5.203,7.846,1.604,-0.103,0.067,-0.053,1654,0,0

1413647,-5.337,7.951,1.697,-0.061,0.034,-0.039,1653,0,0

1413667,-5.420,8.025,1.561,-0.014,-0.015,-0.016,1653,0,0

1413687,-5.397,8.030,1.269,-0.025,-0.07
1413787,-4.980,7.470,1.018,-0.046,0.127,-0.046,1652,0,0

1413807,-5.133,7.748,1.288,-0.082,0.124,-0.069,1653,0,0

1413827,-5.277,7.927,1.504,-0.098,0.112,-0.062,1654,0,0

1413847,-5.389,8.090,1.779,-0.061,0.083,-0.044,1654,0,0

1413867,-5.461,8.274,1.709,-0.033,0.005,-0.009,1654,0,0

1413887,-5.356,8.234,1.427,-0.052,-0.092,0.033,1654,0,0

1413907,-5.131,7.954,1.044,-0.082,-0.135,0.062,1654,0,0

1413927,-4.980,7.630,0.757,-0.081,-0.099,0.067,1653,0,0

1414601,-4.858,7.163,0.654,-0.073,0.067,0.029,1652,0,0

1414609,-4.877,7.123,0.742,-0.082,0.093,0.005,1653,0,0

1414617,-4.884,7.163,0.886,-0.077,0.114,-0.019,1652,0,0

1414625,-4.942,7.245,1.008,-0.069,0.127,-0.037,1652,0,0

1415608,-4.903,7.472,0.761,-0.076,-0.041,0.042,1653,0,0
1417629,-5.183,7.523,1.197,-0.072,0.102,-0.051,1658,0,0

1418636,-4.879,7.348,0.836,-0.096,0.015,0.043,1660,0,0
1420657,-5.040,7.530,0.649,-0.043,-0.072,0.044,1656,0,0

1421664,-5.315,7.989,1.300,-0.055,-0.026,0.002,1662,0,0
1423685,-5.255,8.085,1.197,-0.034,0.020,-0.047,1653,0,0

1424367,-5.289,8.061,1.087,-0.095,-0.003,-0.024,1654,0,0

1424376,-5.267,8.011,1.104,-0.090,-0.010,-0.014,1651,0,0

1424384,-5.241,7.973,1.128,-0.070,-0.015,-0.006,1653,0,0

1424392,-5.231,7.918,1.068,-0.048,-0.018,0.005,1653,0,0

1424400,-5.217,7.894,1.034,-0.032,-0.023,0.011,1653,0,0

1424408,-5.200,7.879,0.984,-0.023,-0.036,0.015,1652,0,0

1424416,-5.162,7.870,0.879,-0.029,-0.050,0.018,1654,0,0

1424424,-5.119,7.860,0.754,-0.044,-0.063,0.020,1653,0,0

1424432,-5.059,7.800,0.632,-0.063,-0.073,0.023,1652,0,0

1424441,-5.004,7.721,0.517,-0.084,-0.073,0.027,1653,0,0

1424449,-4.987,7.611,0.441,-0.090,-0.062,0.027,1654,0,0

1424457,-4.978,7.508,0.397,-0.086,-0.040,0.023,1655,0,0

1424465,-4.975,7.415,0.393,-0.076,-0.015,0.015,1653,0,0

1424473,-5.013,7.384,0.433,-0.062,0.014,0.005,1652,0,0

1424481,-5.025,7.403,0.443,-0.054,0.040,-0.004,1653,0,0

1424489,-5.080,7.410,0.481,-0.053,0.063,-0.012,1655,0,0

1424497,-5.152,7.420,0.591,-0.049,0.080,-0.020,1653,0,0

1424505,-5.191,7.460,0.666,-0.048,0.086,-0.029,1653,0,0

1424514,-5.212,7.527,0.773,-0.056,0.084,-0.038,1655,0,0

1424522,-5.246,7.618,0.857,-0.069,0.075,-0.048,1657,0,0

1424530,-5.243,7.724,0.912,-0.079,0.063,-0.051,1652,0,0

1424538,-5.250,7.786,0.962,-0.083,0.053,-0.051,1653,0,0

1424546,-5.255,7.843,0.982,-0.083,0.046,-0.045,1653,0,0

1424554,-5.301,7.879,1.022,-0.078,0.043,-0.041,1654,0,0

1424562,-5.303,7.920,1.037,-0.065,0.039,-0.038,1653,0,0

1424570,-5.301,7.980,1.049,-0.055,0.035,-0.034,1655,0,0

1424579,-5.315,8.068,1.063,-0.048,0.032,-0.025,1654,0,0

1424587,-5.303,8.109,1.032,-0.049,0.027,-0.014,1653,0,0

1424595,-5.298,8.104,1.058,-0.056,0.021,0.000,1655,0,0

1424603,-5.279,8.054,1.056,-0.060,0.010,0.015,1654,0,0

1424611,-5.248,7.966,1.034,-0.057,-0.003,0.026,1653,0,0

1424619,-5.241,7.884,1.018,-0.048,-0.014,0.032,1654,0,0

1424628,-5.207,7.841,0.955,-0.036,-0.027,0.033,1652,0,0

1424636,-5.188,7.793,0.910,-0.029,-0.037,0.030,1655,0,0

1424644,-5.162,7.776,0.814,-0.033,-0.046,0.026,1653,0,0

1424652,-5.133,7.764,0.754,-0.044,-0.051,0.023,1654,0,0

1424660,-5.114,7.709,0.622,-0.060,-0.052,0.026,1653,0,0

1424668,-5.097,7.645,0.563,-0.074,-0.047,0.029,1655,0,0

1424676,-5.080,7.532,0.517,-0.078,-0.037,0.030,1654,0,0

1424684,-5.069,7.424,0.493,-0.070,-0.025,0.029,1654,0,0

1424692,-5.025,7.338,0.481,-0.059,-0.011,0.022,1654,0,0

1424700,-5.006,7.300,0.469,-0.053,0.006,0.013,1655,0,0

1424709,-5.011,7.300,0.450,-0.052,0.024,0.000,1653,0,0

1424717,-5.028,7.326,0.467,-0.055,0.044,-0.015,1655,0,0

1424725,-5.045,7.369,0.529,-0.060,0.059,-0.028,1656,0,0

1424733,-5.095,7.448,0.584,-0.063,0.071,-0.040,1655,0,0

1424741,-5.167,7.515,0.687,-0.064,0.083,-0.050,1652,0,0

1424749,-5.227,7.604,0.785,-0.066,0.092,-0.056,1655,0,0

1424757,-5.291,7.714,0.907,-0.065,0.093,-0.058,1654,0,0

1424765,-5.344,7.800,1.020,-0.062,0.088,-0.055,1653,0,0

1424773,-5.365,7.884,1.099,-0.062,0.078,-0.049,1654,0,0

1424781,-5.375,7.942,1.101,-0.062,0.060,-0.041,1655,0,0

1424790,-5.385,7.970,1.109,-0.061,0.041,-0.034,1653,0,0

1424798,-5.387,8.013,1.123,-0.058,0.021,-0.027,1654,0,0

1424806,-5.365,8.049,1.061,-0.059,0.006,-0.022,1654,0,0

1424814,-5.320,8.080,1.037,-0.063,-0.005,-0.016,1656,0,0

1424822,-5.274,8.068,1.032,-0.067,-0.006,-0.008,1655,0,0

1424830,-5.274,8.045,1.027,-0.068,-0.004,0.001,1654,0,0

1424838,-5.253,8.018,1.041,-0.061,-0.004,0.009,1651,0,0

1424846,-5.229,7.966,1.006,-0.045,-0.010,0.016,1654,0,0

1424855,-5.198,7.937,0.962,-0.032,-0.021,0.021,1653,0,0

1424863,-5.155,7.934,0.895,-0.032,-0.035,0.026,1654,0,0

1424871,-5.124,7.908,0.809,-0.043,-0.052,0.029,1655,0,0

1424879,-5.071,7.860,0.678,-0.059,-0.064,0.030,1656,0,0

1424887,-5.018,7.767,0.584,-0.075,-0.066,0.030,1652,0,0

1424895,-4.978,7.676,0.517,-0.090,-0.057,0.032,1653,0,0

1424903,-4.951,7.547,0.474,-0.098,-0.036,0.030,1653,0,0

1424911,-4.939,7.439,0.496,-0.088,-0.010,0.025,1652,0,0

1424919,-4.951,7.357,0.520,-0.062,0.020,0.014,1654,0,0

1424928,-5.009,7.343,0.548,-0.041,0.042,0.002,1653,0,0

1424936,-5.052,7.403,0.563,-0.034,0.055,-0.011,1652,0,0

1424944,-5.095,7.491,0.603,-0.044,0.059,-0.022,1654,0,0

1424952,-5.138,7.568,0.651,-0.061,0.058,-0.031,1654,0,0

1424960,-5.179,7.614,0.716,-0.082,0.056,-0.036,1652,0,0

1424968,-5.227,7.633,0.769,-0.099,0.057,-0.039,1654,0,0

1424977,-5.270,7.649,0.883,-0.102,0.058,-0.042,1654,0,0

1424985,-5.306,7.681,0.958,-0.093,0.062,-0.043,1655,0,0

1424993,-5.344,7.731,1.027,-0.079,0.062,-0.044,1654,0,0

1425001,-5.387,7.812,1.111,-0.065,0.059,-0.042,1652,0,0

1425009,-5.363,7.908,1.132,-0.060,0.050,-0.038,1655,0,0

1425017,-5.380,7.961,1.123,-0.069,0.035,-0.033,1654,0,0

1425025,-5.385,7.989,1.087,-0.080,0.011,-0.029,1653,0,0

1425033,-5.358,8.040,1.082,-0.083,-0.010,-0.026,1655,0,0

1425042,-5.301,8.054,1.049,-0.080,-0.026,-0.019,1652,0,0

1425050,-5.255,8.056,1.006,-0.077,-0.032,-0.007,1654,0,0

1425058,-5.253,8.006,0.946,-0.075,-0.030,0.005,1655,0,0

1425066,-5.231,7.937,0.939,-0.069,-0.025,0.014,1653,0,0

1425074,-5.207,7.855,0.924,-0.056,-0.024,0.019,1654,0,0

1425082,-5.179,7.839,0.905,-0.044,-0.029,0.021,1656,0,0

1425091,-5.152,7.839,0.852,-0.043,-0.035,0.024,1654,0,0

1425099,-5.133,7.822,0.757,-0.050,-0.043,0.027,1654,0,0

1425107,-5.090,7.791,0.675,-0.058,-0.053,0.030,1653,0,0

1425115,-5.078,7.728,0.572,-0.071,-0.057,0.032,1653,0,0

1425123,-5.023,7.633,0.543,-0.084,-0.053,0.033,1652,0,0

1425131,-4.978,7.525,0.486,-0.088,-0.041,0.031,1653,0,0

1425139,-4.949,7.444,0.448,-0.086,-0.024,0.025,1652,0,0

1425148,-4.925,7.369,0.496,-0.077,-0.005,0.019,1654,0,0

1425156,-4.934,7.338,0.455,-0.069,0.012,0.011,1655,0,0

1425164,-4.951,7.341,0.460,-0.064,0.026,-0.000,1652,0,0

1425172,-4.980,7.362,0.426,-0.058,0.036,-0.014,1652,0,0

1425180,-5.006,7.429,0.467,-0.055,0.044,-0.025,1654,0,0

1425189,-5.057,7.503,0.484,-0.062,0.053,-0.036,1657,0,0

1425197,-5.126,7.604,0.474,-0.078,0.062,-0.044,1652,0,0

1425205,-5.150,7.702,0.529,-0.095,0.071,-0.048,1653,0,0

1425213,-5.167,7.796,0.575,-0.101,0.082,-0.047,1653,0,0

1425221,-5.176,7.860,0.606,-0.096,0.091,-0.042,1652,0,0

1425229,-5.200,7.870,0.682,-0.086,0.100,-0.032,1654,0,0

1425237,-5.222,7.872,0.716,-0.074,0.105,-0.024,1653,0,0

1425245,-5.248,7.841,0.816,-0.058,0.107,-0.019,1654,0,0

1425253,-5.258,7.877,0.881,-0.045,0.104,-0.019,1654,0,0

1425262,-5.267,7.908,0.917,-0.043,0.101,-0.024,1656,0,0

1425270,-5.267,7.966,0.931,-0.055,0.097,-0.028,1654,0,0

1425278,-5.337,7.999,1.077,-0.075,0.091,-0.028,1653,0,0

1425286,-5.401,8.021,1.161,-0.095,0.084,-0.027,1654,0,0

1425294,-5.488,7.999,1.262,-0.101,0.078,-0.026,1655,0,0

1425302,-5.516,7.863,1.403,-0.095,0.071,-0.028,1653,0,0

1425311,-5.514,7.920,1.460,-0.065,0.060,-0.034,1656,0,0

1425319,-5.598,7.932,1.599,-0.048,0.042,-0.037,1654,0,0

1425327,-5.650,8.073,1.571,-0.051,0.017,-0.036,1654,0,0

1425335,-5.708,8.133,1.659,-0.080,-0.014,-0.027,1654,0,0

1425343,-5.734,8.167,1.650,-0.120,-0.048,-0.009,1656,0,0

1425351,-5.732,8.078,1.686,-0.162,-0.082,0.016,1655,0,0

1425360,-5.667,7.898,1.664,-0.177,-0.117,0.048,1655,0,0

1425368,-5.593,7.705,1.635,-0.152,-0.144,0.071,1656,0,0

1425376,-5.468,7.491,1.518,-0.111,-0.162,0.087,1654,0,0

1425384,-5.337,7.319,1.353,-0.064,-0.179,0.099,1656,0,0

1425392,-5.203,7.185,1.142,-0.029,-0.190,0.102,1654,0,0

1425400,-5.057,7.068,0.874,-0.011,-0.202,0.100,1654,0,0

1425408,-4.908,6.993,0.658,-0.021,-0.209,0.091,1656,0,0

1425417,-4.733,6.914,0.402,-0.037,-0.209,0.075,1653,0,0

1425425,-4.575,6.847,0.170,-0.044,-0.201,0.049,1654,0,0

1425433,-4.427,6.812,-0.005,-0.037,-0.181,0.020,1652,0,0

1425441,-4.338,6.886,-0.175,-0.023,-0.147,-0.010,1652,0,0

1425449,-4.276,6.996,-0.306,-0.001,-0.092,-0.041,1653,0,0

1425457,-4.288,7.156,-0.417,0.021,-0.036,-0.067,1653,0,0

1425466,-4.377,7.350,-0.474,0.035,0.019,-0.088,1653,0,0

1425474,-4.456,7.554,-0.316,0.025,0.062,-0.102,1653,0,0

1425482,-4.518,7.791,-0.546,0.004,0.105,-0.108,1653,0,0

1425490,-4.638,7.841,-0.373,-0.023,0.154,-0.108,1654,0,0

1425498,-4.798,7.994,-0.139,-0.034,0.191,-0.106,1652,0,0

1425506,-4.894,8.066,0.024,-0.039,0.212,-0.104,1654,0,0

1425514,-5.009,8.107,0.239,-0.040,0.229,-0.103,1654,0,0

1425522,-5.116,8.183,0.383,-0.031,0.244,-0.098,1653,0,0

1425531,-5.265,8.308,0.577,-0.019,0.260,-0.092,1655,0,0

1425539,-5.385,8.401,0.795,-0.028,0.269,-0.082,1655,0,0

1425547,-5.480,8.425,0.998,-0.051,0.274,-0.067,1655,0,0

1425555,-5.567,8.401,1.207,-0.066,0.273,-0.051,1655,0,0

1425563,-5.665,8.365,1.422,-0.071,0.255,-0.036,1653,0,0

1425571,-5.725,8.301,1.547,-0.071,0.225,-0.021,1657,0,0

1425579,-5.765,8.210,1.662,-0.067,0.190,-0.005,1655,0,0

1425587,-5.806,8.188,1.724,-0.060,0.156,0.013,1652,0,0

1425595,-5.811,8.112,1.760,-0.068,0.114,0.031,1657,0,0

1425603,-5.794,7.982,1.736,-0.091,0.076,0.044,1655,0,0

1425611,-5.741,7.815,1.736,-0.122,0.040,0.051,1656,0,0

1425620,-5.715,7.573,1.671,-0.140,0.002,0.052,1658,0,0

1425628,-5.684,7.420,1.666,-0.130,-0.023,0.047,1657,0,0

1425636,-5.650,7.319,1.674,-0.095,-0.044,0.038,1657,0,0

1425644,-5.629,7.317,1.595,-0.055,-0.057,0.027,1655,0,0

1425652,-5.602,7.350,1.480,-0.037,-0.067,0.018,1656,0,0

1425661,-5.550,7.417,1.401,-0.043,-0.080,0.010,1659,0,0

1425669,-5.490,7.465,1.314,-0.056,-0.098,0.009,1656,0,0

1425677,-5.404,7.477,1.202,-0.062,-0.117,0.011,1658,0,0

1425685,-5.325,7.477,1.097,-0.052,-0.136,0.016,1656,0,0

1425693,-5.234,7.484,0.953,-0.029,-0.154,0.019,1653,0,0

1425701,-5.143,7.523,0.749,-0.002,-0.168,0.021,1654,0,0

1425709,-5.049,7.573,0.565,0.014,-0.176,0.019,1656,0,0

1425718,-4.949,7.635,0.383,0.015,-0.176,0.017,1657,0,0

1425726,-4.891,7.683,0.158,-0.003,-0.163,0.018,1658,0,0

1425734,-4.855,7.688,0.055,-0.021,-0.142,0.020,1653,0,0

1425742,-4.815,7.664,-0.019,-0.025,-0.112,0.021,1656,0,0

1425750,-4.793,7.626,-0.057,-0.008,-0.079,0.020,1656,0,0

1425758,-4.791,7.623,-0.065,0.021,-0.042,0.016,1654,0,0

1425766,-4.829,7.587,-0.050,0.047,-0.008,0.010,1657,0,0

1425774,-4.901,7.542,-0.017,0.056,0.019,0.002,1655,0,0

1425782,-4.927,7.472,0.010,0.052,0.035,-0.010,1653,0,0

1425791,-4.889,7.420,0.002,0.049,0.047,-0.029,1656,0,0

1425799,-4.834,7.410,-0.045,0.047,0.059,-0.052,1656,0,0

1425807,-4.745,7.458,-0.069,0.038,0.077,-0.079,1656,0,0

1425815,-4.676,7.508,-0.117,0.016,0.101,-0.095,1657,0,0

1425823,-4.635,7.515,-0.113,-0.007,0.134,-0.104,1654,0,0

1425831,-4.626,7.496,0.002,-0.023,0.172,-0.111,1656,0,0

1425839,-4.666,7.465,0.098,-0.026,0.210,-0.120,1655,0,0

1425847,-4.793,7.460,0.271,-0.019,0.243,-0.131,1654,0,0

1425855,-4.944,7.475,0.488,-0.014,0.270,-0.144,1654,0,0

1425864,-5.145,7.398,0.778,-0.024,0.290,-0.157,1657,0,0

1425872,-5.272,7.302,1.049,-0.037,0.290,-0.170,1657,0,0

1425880,-5.392,7.175,1.286,-0.027,0.276,-0.189,1657,0,0

1425888,-5.423,7.144,1.437,0.022,0.250,-0.215,1656,0,0

1425896,-5.430,7.230,1.427,0.086,0.213,-0.244,1655,0,0

1425904,-5.416,7.408,1.350,0.131,0.172,-0.268,1655,0,0

1425912,-5.423,7.721,1.219,0.139,0.132,-0.282,1658,0,0

1425921,-5.428,8.006,1.075,0.098,0.093,-0.285,1656,0,0

1425929,-5.499,8.135,0.958,0.029,0.067,-0.276,1656,0,0

1425937,-5.545,8.114,0.891,-0.043,0.045,-0.258,1656,0,0

1425945,-5.576,8.013,0.843,-0.078,0.033,-0.244,1657,0,0

1425953,-5.581,7.910,0.790,-0.054,0.030,-0.237,1654,0,0

1425961,-5.555,7.891,0.706,0.009,0.041,-0.236,1654,0,0

1425970,-5.543,8.016,0.565,0.072,0.060,-0.235,1656,0,0

1425978,-5.569,8.210,0.467,0.107,0.082,-0.229,1658,0,0

1425986,-5.583,8.392,0.395,0.084,0.100,-0.207,1656,0,0

1425994,-5.595,8.413,0.402,0.022,0.109,-0.176,1655,0,0

1426002,-5.550,8.322,0.419,-0.054,0.108,-0.143,1658,0,0

1426010,-5.523,8.157,0.500,-0.093,0.094,-0.117,1657,0,0

1426019,-5.492,7.977,0.572,-0.084,0.074,-0.100,1653,0,0

1426027,-5.456,7.884,0.563,-0.045,0.049,-0.083,1659,0,0

1426035,-5.461,7.860,0.498,-0.026,0.031,-0.063,1655,0,0

1426043,-5.495,7.803,0.438,-0.040,0.024,-0.040,1655,0,0

1426051,-5.550,7.666,0.443,-0.066,0.026,-0.018,1655,0,0

1426059,-5.600,7.465,0.409,-0.082,0.028,0.000,1656,0,0

1426068,-5.634,7.271,0.426,-0.076,0.031,0.006,1655,0,0

1426076,-5.643,7.137,0.407,-0.048,0.033,0.004,1655,0,0

1426084,-5.629,7.104,0.388,-0.004,0.034,0.000,1656,0,0

1426092,-5.624,7.130,0.330,0.035,0.036,-0.002,1657,0,0

1426101,-5.619,7.223,0.283,0.032,0.041,-0.003,1658,0,0

1426109,-5.643,7.281,0.266,-0.001,0.046,-0.002,1655,0,0

1426117,-5.660,7.247,0.290,-0.050,0.053,0.000,1656,0,0

1426125,-5.665,7.211,0.345,-0.077,0.056,0.001,1659,0,0

1426133,-5.686,7.219,0.412,-0.081,0.058,-0.001,1657,0,0

1426141,-5.722,7.247,0.484,-0.068,0.058,-0.003,1658,0,0

1426149,-5.737,7.357,0.524,-0.054,0.060,-0.001,1655,0,0

1426158,-5.739,7.475,0.577,-0.051,0.060,0.004,1657,0,0

1426166,-5.746,7.597,0.587,-0.061,0.055,0.011,1656,0,0

1426174,-5.756,7.724,0.611,-0.086,0.047,0.024,1659,0,0

1426182,-5.760,7.827,0.658,-0.095,0.034,0.041,1657,0,0

1426190,-5.768,7.932,0.678,-0.080,0.017,0.061,1656,0,0

1426198,-5.758,8.025,0.670,-0.066,0.005,0.080,1655,0,0

1426206,-5.737,8.109,0.661,-0.070,-0.008,0.099,1656,0,0

1426214,-5.725,8.174,0.634,-0.086,-0.021,0.116,1655,0,0

1426222,-5.693,8.246,0.651,-0.104,-0.034,0.137,1656,0,0

1426230,-5.672,8.296,0.625,-0.118,-0.048,0.160,1659,0,0

1426239,-5.648,8.356,0.565,-0.132,-0.059,0.183,1655,0,0

1426247,-5.650,8.377,0.515,-0.149,-0.070,0.203,1655,0,0

1426255,-5.629,8.361,0.505,-0.169,-0.074,0.221,1655,0,0

1426263,-5.617,8.344,0.472,-0.197,-0.071,0.239,1653,0,0

1426271,-5.610,8.274,0.520,-0.226,-0.064,0.253,1655,0,0

1426279,-5.619,8.145,0.618,-0.246,-0.057,0.266,1656,0,0

1426287,-5.631,7.992,0.721,-0.245,-0.054,0.274,1656,0,0

1426295,-5.629,7.867,0.797,-0.216,-0.052,0.275,1659,0,0

1426303,-5.679,7.843,0.821,-0.177,-0.056,0.270,1656,0,0

1426311,-5.660,7.772,0.848,-0.150,-0.060,0.263,1659,0,0

1426319,-5.622,7.745,0.874,-0.135,-0.068,0.256,1657,0,0

1426328,-5.581,7.661,0.879,-0.135,-0.078,0.249,1655,0,0

1426336,-5.557,7.575,0.838,-0.150,-0.093,0.234,1656,0,0

1426344,-5.492,7.470,0.781,-0.167,-0.115,0.212,1657,0,0

1426352,-5.406,7.429,0.692,-0.163,-0.128,0.192,1656,0,0

1426361,-5.298,7.393,0.579,-0.144,-0.131,0.175,1655,0,0

1426369,-5.203,7.353,0.469,-0.128,-0.122,0.160,1654,0,0

1426377,-5.114,7.278,0.409,-0.127,-0.105,0.143,1655,0,0

1426385,-5.009,7.238,0.395,-0.127,-0.084,0.123,1655,0,0

1426393,-4.903,7.199,0.388,-0.120,-0.063,0.100,1654,0,0

1426401,-4.781,7.223,0.347,-0.117,-0.042,0.078,1655,0,0

1426409,-4.750,7.238,0.347,-0.111,-0.024,0.063,1656,0,0

1426418,-4.726,7.274,0.347,-0.102,-0.010,0.051,1657,0,0

1426426,-4.709,7.307,0.338,-0.093,-0.000,0.038,1656,0,0

1426434,-4.695,7.372,0.369,-0.089,0.003,0.024,1656,0,0

1426442,-4.707,7.463,0.426,-0.085,0.005,0.010,1655,0,0

